{
  "images" : [
    {
      "filename" : ".png",
      "idiom" : "universal",
      "scale" : "1x"
    },
    {
      "appearances" : [
        {
          "appearance" : "contrast",
          "value" : "high"
        }
      ],
      "idiom" : "universal",
      "scale" : "1x"
    },
    {
      "filename" : "@2x.png",
      "idiom" : "universal",
      "scale" : "2x"
    },
    {
      "appearances" : [
        {
          "appearance" : "contrast",
          "value" : "high"
        }
      ],
      "idiom" : "universal",
      "scale" : "2x"
    },
    {
      "filename" : "@3x.png",
      "idiom" : "universal",
      "scale" : "3x"
    },
    {
      "appearances" : [
        {
          "appearance" : "contrast",
          "value" : "high"
        }
      ],
      "idiom" : "universal",
      "scale" : "3x"
    }
  ],
  "info" : {
    "author" : "xcode",
    "version" : 1
  },
  "properties" : {
    "template-rendering-intent" : "original"
  }
}
