{
  "images" : [
    {
      "filename" : "1000_F_616383614_JL5m3Hey2dJTz9qcApnrGx1uvB0SN3is 1.jpg",
      "idiom" : "universal",
      "scale" : "1x"
    },
    {
      "filename" : "1000_F_616383614_JL5m3Hey2dJTz9qcApnrGx1uvB0SN3is 2.jpg",
      "idiom" : "universal",
      "scale" : "2x"
    },
    {
      "filename" : "1000_F_616383614_JL5m3Hey2dJTz9qcApnrGx1uvB0SN3is 3.jpg",
      "idiom" : "universal",
      "scale" : "3x"
    }
  ],
  "info" : {
    "author" : "xcode",
    "version" : 1
  }
}
